{"0":{"sourcePath":"/Users/zc/Documents/workspace/Laya3dBaseProject/bin","outPath":"/Users/zc/Documents/workspace/Laya3dBaseProject/release/web","pngQualityLow":"65","pngQualityHigh":"80","jpgQuality":"85","mergeJs":false,"isWXOpenZone":false,"compressPng":false,"compressJpg":false,"compressJson":false,"jsontypes":"json,atlas,ls,lh,lmat,lav","compressJs":false,"enableVersion":false,"onlyIndexJS":false,"deleteOldVersionFile":false,"recompile":false,"excludeFiles":"","publishType":0,"projectType":"ts","copyOutFiles":"","copyOutPath":"","userCmd":""},"1":{"sourcePath":"/Users/zc/Documents/workspace/Laya3dBaseProject/bin","outPath":"/Users/zc/Documents/workspace/Laya3dBaseProject/release/wxgame","pngQualityLow":"65","pngQualityHigh":"80","jpgQuality":"85","mergeJs":false,"isWXOpenZone":false,"compressPng":false,"compressJpg":false,"compressJson":false,"jsontypes":"json,atlas,ls,lh,lmat,lav","compressJs":false,"enableVersion":false,"onlyIndexJS":true,"deleteOldVersionFile":false,"recompile":true,"excludeFiles":"","publishType":1,"projectType":"ts","copyOutFiles":"","copyOutPath":"","userCmd":""},"pf":1}